Day , cco , ccoextr , ccoexts , ccx , cgt , cgtpcst , cgttlm , hou , mld , mlx , neb , nex , okc , okctlm , okx
0 ,   7  ,   13  ,   0  ,   0  ,   0  ,   0  ,   4  ,   4  ,   32  ,   19  ,   10  ,   2  ,   8  ,   0  ,   7  , 
1 ,   1  ,   1  ,   0  ,   0  ,   0  ,   0  ,   0  ,   0  ,   6  ,   2  ,   1  ,   0  ,   1  ,   0  ,   1  , 
2 ,   1  ,   0  ,   0  ,   0  ,   0  ,   0  ,   2  ,   0  ,   1  ,   2  ,   1  ,   0  ,   0  ,   0  ,   0  , 
3 ,   4  ,   0  ,   0  ,   0  ,   0  ,   0  ,   0  ,   0  ,   5  ,   5  ,   0  ,   0  ,   0  ,   0  ,   4  , 
4 ,   1  ,   0  ,   0  ,   0  ,   0  ,   0  ,   0  ,   0  ,   1  ,   0  ,   1  ,   0  ,   2  ,   0  ,   0  , 
5 ,   2  ,   0  ,   0  ,   0  ,   0  ,   0  ,   0  ,   0  ,   7  ,   1  ,   3  ,   0  ,   0  ,   0  ,   0  , 
6 ,   0  ,   2  ,   0  ,   0  ,   0  ,   0  ,   0  ,   0  ,   5  ,   6  ,   1  ,   0  ,   3  ,   1  ,   2  , 
7 ,   0  ,   0  ,   0  ,   0  ,   0  ,   0  ,   3  ,   1  ,   6  ,   3  ,   0  ,   0  ,   1  ,   1  ,   1  , 
8 ,   5  ,   2  ,   0  ,   0  ,   0  ,   0  ,   2  ,   1  ,   1  ,   2  ,   0  ,   0  ,   0  ,   0  ,   1  , 
9 ,   0  ,   0  ,   0  ,   0  ,   0  ,   0  ,   2  ,   0  ,   4  ,   3  ,   3  ,   0  ,   1  ,   0  ,   0  , 
10 ,   0  ,   0  ,   0  ,   0  ,   0  ,   0  ,   0  ,   0  ,   2  ,   1  ,   0  ,   0  ,   1  ,   0  ,   3  , 
11 ,   1  ,   0  ,   0  ,   0  ,   0  ,   0  ,   0  ,   0  ,   3  ,   0  ,   1  ,   0  ,   2  ,   0  ,   4  , 
12 ,   0  ,   2  ,   0  ,   0  ,   0  ,   0  ,   1  ,   1  ,   6  ,   3  ,   1  ,   0  ,   2  ,   0  ,   0  , 
13 ,   2  ,   2  ,   0  ,   0  ,   0  ,   0  ,   0  ,   0  ,   2  ,   4  ,   2  ,   0  ,   0  ,   0  ,   0  , 
14 ,   1  ,   0  ,   0  ,   0  ,   0  ,   0  ,   1  ,   0  ,   4  ,   1  ,   1  ,   0  ,   0  ,   2  ,   0  , 
15 ,   0  ,   0  ,   0  ,   0  ,   0  ,   0  ,   0  ,   0  ,   1  ,   6  ,   0  ,   0  ,   1  ,   0  ,   0  , 
16 ,   3  ,   0  ,   0  ,   0  ,   0  ,   0  ,   2  ,   0  ,   6  ,   0  ,   0  ,   0  ,   1  ,   0  ,   2  , 
17 ,   0  ,   0  ,   0  ,   0  ,   0  ,   0  ,   0  ,   0  ,   2  ,   0  ,   6  ,   0  ,   1  ,   1  ,   0  , 
18 ,   0  ,   0  ,   0  ,   0  ,   0  ,   0  ,   0  ,   0  ,   5  ,   4  ,   1  ,   0  ,   0  ,   0  ,   2  , 
19 ,   1  ,   0  ,   0  ,   0  ,   0  ,   0  ,   0  ,   0  ,   3  ,   0  ,   0  ,   0  ,   0  ,   0  ,   0  , 
20 ,   2  ,   2  ,   0  ,   0  ,   0  ,   0  ,   0  ,   0  ,   3  ,   1  ,   1  ,   0  ,   1  ,   0  ,   0  , 
21 ,   1  ,   2  ,   0  ,   0  ,   0  ,   0  ,   0  ,   0  ,   9  ,   3  ,   4  ,   0  ,   1  ,   1  ,   2  , 
22 ,   1  ,   0  ,   0  ,   0  ,   0  ,   0  ,   0  ,   0  ,   1  ,   1  ,   2  ,   0  ,   0  ,   1  ,   0  , 
23 ,   1  ,   0  ,   0  ,   0  ,   0  ,   0  ,   0  ,   0  ,   6  ,   5  ,   0  ,   0  ,   0  ,   0  ,   0  , 
24 ,   0  ,   0  ,   0  ,   0  ,   0  ,   0  ,   0  ,   0  ,   6  ,   4  ,   2  ,   0  ,   4  ,   0  ,   0  , 
25 ,   0  ,   0  ,   0  ,   0  ,   0  ,   0  ,   0  ,   0  ,   3  ,   1  ,   0  ,   0  ,   3  ,   2  ,   0  , 
26 ,   1  ,   0  ,   0  ,   0  ,   0  ,   0  ,   0  ,   0  ,   6  ,   0  ,   0  ,   0  ,   3  ,   0  ,   2  , 
27 ,   0  ,   0  ,   0  ,   0  ,   0  ,   0  ,   0  ,   0  ,   11  ,   5  ,   6  ,   0  ,   2  ,   0  ,   2  , 
28 ,   1  ,   1  ,   0  ,   0  ,   0  ,   0  ,   2  ,   0  ,   5  ,   6  ,   1  ,   0  ,   1  ,   0  ,   0  , 
29 ,   3  ,   1  ,   0  ,   0  ,   0  ,   0  ,   2  ,   0  ,   5  ,   6  ,   0  ,   0  ,   2  ,   1  ,   0  , 
30 ,   0  ,   0  ,   0  ,   0  ,   0  ,   0  ,   0  ,   0  ,   3  ,   4  ,   1  ,   0  ,   3  ,   0  ,   0  , 
31 ,   0  ,   2  ,   0  ,   0  ,   0  ,   0  ,   2  ,   0  ,   2  ,   3  ,   1  ,   0  ,   2  ,   0  ,   0  , 
32 ,   1  ,   1  ,   0  ,   0  ,   0  ,   0  ,   1  ,   0  ,   4  ,   0  ,   2  ,   0  ,   2  ,   0  ,   0  , 
33 ,   0  ,   0  ,   0  ,   0  ,   0  ,   0  ,   0  ,   0  ,   3  ,   3  ,   0  ,   0  ,   1  ,   1  ,   0  , 
34 ,   2  ,   3  ,   0  ,   0  ,   0  ,   0  ,   0  ,   0  ,   2  ,   7  ,   1  ,   0  ,   2  ,   0  ,   0  , 
35 ,   0  ,   0  ,   0  ,   0  ,   0  ,   0  ,   0  ,   0  ,   3  ,   1  ,   3  ,   0  ,   0  ,   0  ,   0  , 
36 ,   0  ,   0  ,   0  ,   0  ,   0  ,   0  ,   0  ,   0  ,   3  ,   0  ,   0  ,   0  ,   2  ,   0  ,   0  , 
37 ,   2  ,   2  ,   0  ,   0  ,   0  ,   0  ,   0  ,   0  ,   4  ,   3  ,   0  ,   0  ,   2  ,   0  ,   2  , 
38 ,   0  ,   0  ,   1  ,   0  ,   0  ,   0  ,   0  ,   0  ,   6  ,   5  ,   0  ,   0  ,   1  ,   0  ,   0  , 
39 ,   0  ,   2  ,   0  ,   0  ,   0  ,   0  ,   0  ,   0  ,   6  ,   2  ,   1  ,   0  ,   1  ,   0  ,   1  , 
40 ,   1  ,   0  ,   0  ,   0  ,   0  ,   0  ,   0  ,   0  ,   7  ,   3  ,   1  ,   2  ,   2  ,   0  ,   2  , 
41 ,   0  ,   0  ,   0  ,   0  ,   0  ,   0  ,   0  ,   0  ,   2  ,   1  ,   1  ,   0  ,   1  ,   0  ,   2  , 
42 ,   0  ,   0  ,   0  ,   0  ,   0  ,   0  ,   2  ,   0  ,   5  ,   2  ,   1  ,   0  ,   1  ,   0  ,   0  , 
43 ,   0  ,   0  ,   0  ,   0  ,   0  ,   0  ,   3  ,   0  ,   8  ,   3  ,   0  ,   2  ,   4  ,   0  ,   0  , 
44 ,   1  ,   0  ,   0  ,   0  ,   0  ,   0  ,   0  ,   0  ,   4  ,   1  ,   5  ,   0  ,   0  ,   0  ,   2  , 
45 ,   0  ,   0  ,   0  ,   0  ,   0  ,   0  ,   0  ,   0  ,   3  ,   5  ,   2  ,   0  ,   2  ,   0  ,   0  , 
46 ,   0  ,   1  ,   0  ,   0  ,   0  ,   0  ,   0  ,   0  ,   2  ,   0  ,   0  ,   0  ,   1  ,   0  ,   1  , 
47 ,   2  ,   0  ,   0  ,   0  ,   0  ,   0  ,   0  ,   0  ,   5  ,   2  ,   1  ,   0  ,   1  ,   0  ,   0  , 
48 ,   2  ,   0  ,   0  ,   0  ,   0  ,   0  ,   2  ,   2  ,   3  ,   2  ,   1  ,   0  ,   4  ,   0  ,   2  , 
49 ,   0  ,   0  ,   0  ,   0  ,   0  ,   0  ,   0  ,   0  ,   2  ,   5  ,   4  ,   0  ,   1  ,   0  ,   0  , 
50 ,   0  ,   0  ,   1  ,   0  ,   0  ,   0  ,   0  ,   0  ,   6  ,   5  ,   0  ,   0  ,   0  ,   0  ,   2  , 
51 ,   0  ,   0  ,   0  ,   0  ,   0  ,   0  ,   0  ,   0  ,   4  ,   6  ,   1  ,   0  ,   0  ,   0  ,   0  , 
52 ,   0  ,   5  ,   0  ,   0  ,   0  ,   0  ,   0  ,   0  ,   3  ,   3  ,   3  ,   0  ,   0  ,   0  ,   2  , 
53 ,   3  ,   0  ,   0  ,   0  ,   0  ,   0  ,   1  ,   0  ,   4  ,   1  ,   0  ,   0  ,   2  ,   0  ,   0  , 
54 ,   0  ,   2  ,   0  ,   0  ,   0  ,   0  ,   0  ,   0  ,   6  ,   1  ,   3  ,   0  ,   1  ,   0  ,   0  , 
55 ,   0  ,   0  ,   1  ,   0  ,   0  ,   0  ,   1  ,   0  ,   4  ,   1  ,   1  ,   0  ,   0  ,   0  ,   0  , 
56 ,   1  ,   0  ,   0  ,   0  ,   0  ,   0  ,   1  ,   0  ,   4  ,   0  ,   1  ,   0  ,   0  ,   0  ,   0  , 
57 ,   1  ,   0  ,   0  ,   0  ,   0  ,   0  ,   2  ,   0  ,   5  ,   4  ,   3  ,   0  ,   1  ,   2  ,   0  , 
58 ,   1  ,   0  ,   0  ,   0  ,   0  ,   0  ,   0  ,   0  ,   3  ,   5  ,   1  ,   0  ,   1  ,   0  ,   1  , 
59 ,   0  ,   0  ,   0  ,   0  ,   0  ,   0  ,   0  ,   0  ,   6  ,   3  ,   3  ,   0  ,   2  ,   0  ,   0  , 
60 ,   1  ,   0  ,   0  ,   0  ,   0  ,   0  ,   3  ,   0  ,   2  ,   0  ,   2  ,   0  ,   0  ,   0  ,   0  , 
61 ,   1  ,   0  ,   1  ,   0  ,   0  ,   0  ,   1  ,   0  ,   1  ,   0  ,   0  ,   0  ,   0  ,   0  ,   0  , 
62 ,   0  ,   0  ,   0  ,   0  ,   0  ,   0  ,   0  ,   0  ,   0  ,   5  ,   0  ,   0  ,   0  ,   0  ,   0  , 
63 ,   0  ,   0  ,   0  ,   0  ,   0  ,   0  ,   1  ,   0  ,   17  ,   1  ,   2  ,   0  ,   3  ,   1  ,   0  , 
64 ,   0  ,   0  ,   0  ,   0  ,   0  ,   0  ,   1  ,   0  ,   6  ,   3  ,   1  ,   0  ,   1  ,   0  ,   0  , 
65 ,   2  ,   0  ,   0  ,   0  ,   0  ,   0  ,   0  ,   0  ,   6  ,   0  ,   0  ,   0  ,   1  ,   0  ,   1  , 
66 ,   0  ,   0  ,   0  ,   0  ,   0  ,   0  ,   1  ,   0  ,   3  ,   0  ,   2  ,   0  ,   2  ,   0  ,   0  , 
67 ,   0  ,   0  ,   0  ,   0  ,   0  ,   0  ,   0  ,   0  ,   1  ,   0  ,   0  ,   0  ,   0  ,   0  ,   0  , 
68 ,   3  ,   1  ,   0  ,   0  ,   0  ,   0  ,   2  ,   0  ,   5  ,   1  ,   3  ,   0  ,   1  ,   1  ,   0  , 
69 ,   0  ,   0  ,   0  ,   0  ,   0  ,   0  ,   0  ,   0  ,   3  ,   5  ,   4  ,   2  ,   2  ,   0  ,   0  , 
70 ,   1  ,   0  ,   0  ,   0  ,   0  ,   0  ,   0  ,   0  ,   3  ,   3  ,   2  ,   0  ,   0  ,   0  ,   2  , 
71 ,   0  ,   0  ,   0  ,   0  ,   0  ,   0  ,   1  ,   0  ,   6  ,   2  ,   1  ,   0  ,   2  ,   0  ,   0  , 
72 ,   0  ,   0  ,   0  ,   0  ,   0  ,   0  ,   2  ,   0  ,   4  ,   7  ,   0  ,   0  ,   0  ,   0  ,   0  , 
73 ,   1  ,   0  ,   1  ,   0  ,   0  ,   0  ,   0  ,   0  ,   4  ,   3  ,   6  ,   0  ,   0  ,   0  ,   0  , 
74 ,   1  ,   2  ,   0  ,   0  ,   0  ,   0  ,   0  ,   0  ,   2  ,   3  ,   0  ,   0  ,   0  ,   0  ,   0  , 
75 ,   1  ,   0  ,   0  ,   0  ,   0  ,   0  ,   0  ,   0  ,   0  ,   2  ,   0  ,   0  ,   2  ,   1  ,   0  , 
76 ,   0  ,   0  ,   0  ,   0  ,   0  ,   0  ,   0  ,   0  ,   4  ,   3  ,   2  ,   0  ,   1  ,   0  ,   0  , 
77 ,   2  ,   0  ,   0  ,   0  ,   0  ,   0  ,   1  ,   0  ,   11  ,   0  ,   2  ,   1  ,   1  ,   3  ,   2  , 
78 ,   0  ,   0  ,   1  ,   2  ,   0  ,   0  ,   2  ,   0  ,   4  ,   4  ,   0  ,   0  ,   0  ,   0  ,   0  , 
79 ,   1  ,   0  ,   0  ,   0  ,   0  ,   0  ,   2  ,   0  ,   5  ,   4  ,   3  ,   0  ,   0  ,   0  ,   0  , 
80 ,   0  ,   0  ,   0  ,   0  ,   0  ,   0  ,   0  ,   0  ,   2  ,   4  ,   3  ,   0  ,   0  ,   0  ,   0  , 
81 ,   1  ,   0  ,   0  ,   0  ,   0  ,   0  ,   3  ,   0  ,   9  ,   4  ,   2  ,   0  ,   0  ,   0  ,   0  , 
82 ,   1  ,   0  ,   0  ,   0  ,   0  ,   0  ,   0  ,   0  ,   0  ,   4  ,   0  ,   0  ,   0  ,   0  ,   1  , 
83 ,   0  ,   0  ,   0  ,   0  ,   0  ,   0  ,   1  ,   0  ,   4  ,   0  ,   2  ,   0  ,   2  ,   1  ,   0  , 
84 ,   4  ,   0  ,   0  ,   0  ,   0  ,   0  ,   0  ,   0  ,   3  ,   2  ,   0  ,   0  ,   0  ,   0  ,   0  , 
85 ,   1  ,   0  ,   0  ,   0  ,   0  ,   0  ,   0  ,   0  ,   2  ,   4  ,   2  ,   0  ,   1  ,   0  ,   0  , 
86 ,   1  ,   0  ,   1  ,   0  ,   0  ,   0  ,   0  ,   0  ,   8  ,   0  ,   2  ,   2  ,   0  ,   0  ,   0  , 
87 ,   0  ,   0  ,   0  ,   0  ,   0  ,   0  ,   0  ,   0  ,   3  ,   2  ,   1  ,   0  ,   0  ,   0  ,   0  , 
88 ,   0  ,   0  ,   0  ,   0  ,   0  ,   0  ,   0  ,   0  ,   12  ,   10  ,   1  ,   0  ,   2  ,   0  ,   0  , 
89 ,   3  ,   0  ,   0  ,   0  ,   0  ,   0  ,   0  ,   0  ,   3  ,   0  ,   3  ,   0  ,   0  ,   0  ,   0  , 
90 ,   0  ,   0  ,   0  ,   0  ,   0  ,   0  ,   0  ,   0  ,   0  ,   2  ,   0  ,   0  ,   0  ,   0  ,   1  , 
91 ,   0  ,   0  ,   0  ,   0  ,   0  ,   0  ,   0  ,   0  ,   4  ,   4  ,   0  ,   0  ,   0  ,   0  ,   0  , 
92 ,   4  ,   0  ,   1  ,   0  ,   0  ,   0  ,   0  ,   0  ,   0  ,   1  ,   2  ,   0  ,   0  ,   0  ,   0  , 
93 ,   0  ,   0  ,   0  ,   0  ,   0  ,   0  ,   0  ,   0  ,   5  ,   0  ,   0  ,   0  ,   0  ,   0  ,   0  , 
94 ,   2  ,   0  ,   0  ,   0  ,   0  ,   0  ,   0  ,   0  ,   5  ,   3  ,   3  ,   0  ,   0  ,   0  ,   0  , 
95 ,   0  ,   0  ,   0  ,   0  ,   0  ,   0  ,   0  ,   0  ,   5  ,   3  ,   1  ,   0  ,   0  ,   0  ,   0  , 
96 ,   1  ,   0  ,   0  ,   0  ,   0  ,   0  ,   2  ,   0  ,   6  ,   0  ,   0  ,   0  ,   0  ,   0  ,   0  , 
97 ,   0  ,   0  ,   0  ,   0  ,   0  ,   0  ,   0  ,   0  ,   1  ,   2  ,   2  ,   0  ,   0  ,   0  ,   0  , 
98 ,   0  ,   0  ,   0  ,   0  ,   0  ,   0  ,   1  ,   0  ,   2  ,   0  ,   0  ,   0  ,   4  ,   0  ,   0  , 
99 ,   1  ,   0  ,   0  ,   0  ,   0  ,   0  ,   3  ,   0  ,   8  ,   6  ,   2  ,   0  ,   3  ,   0  ,   0  , 
100 ,   2  ,   2  ,   0  ,   0  ,   0  ,   0  ,   1  ,   0  ,   4  ,   10  ,   1  ,   0  ,   2  ,   0  ,   0  , 
101 ,   1  ,   0  ,   0  ,   2  ,   0  ,   0  ,   0  ,   0  ,   6  ,   5  ,   0  ,   0  ,   1  ,   0  ,   0  , 
102 ,   0  ,   2  ,   0  ,   0  ,   0  ,   0  ,   1  ,   0  ,   5  ,   1  ,   4  ,   2  ,   2  ,   0  ,   0  , 
103 ,   0  ,   0  ,   0  ,   0  ,   0  ,   0  ,   0  ,   0  ,   2  ,   4  ,   1  ,   0  ,   0  ,   1  ,   0  , 
104 ,   2  ,   0  ,   0  ,   0  ,   0  ,   0  ,   0  ,   0  ,   5  ,   4  ,   3  ,   0  ,   1  ,   0  ,   0  , 
105 ,   0  ,   0  ,   0  ,   0  ,   0  ,   0  ,   1  ,   0  ,   5  ,   4  ,   1  ,   0  ,   0  ,   0  ,   0  , 
106 ,   0  ,   0  ,   0  ,   0  ,   0  ,   0  ,   2  ,   0  ,   4  ,   9  ,   1  ,   0  ,   0  ,   1  ,   1  , 
107 ,   1  ,   0  ,   0  ,   1  ,   0  ,   0  ,   0  ,   0  ,   5  ,   3  ,   2  ,   0  ,   2  ,   0  ,   0  , 
108 ,   1  ,   0  ,   0  ,   1  ,   0  ,   0  ,   1  ,   0  ,   7  ,   3  ,   0  ,   0  ,   3  ,   0  ,   0  , 
109 ,   0  ,   0  ,   0  ,   1  ,   0  ,   0  ,   0  ,   0  ,   1  ,   3  ,   0  ,   0  ,   0  ,   0  ,   0  , 
110 ,   0  ,   0  ,   0  ,   0  ,   0  ,   0  ,   0  ,   0  ,   2  ,   3  ,   0  ,   0  ,   0  ,   0  ,   0  , 
111 ,   1  ,   0  ,   0  ,   0  ,   0  ,   0  ,   0  ,   0  ,   6  ,   6  ,   3  ,   2  ,   3  ,   1  ,   0  , 
112 ,   1  ,   0  ,   0  ,   0  ,   0  ,   0  ,   0  ,   0  ,   8  ,   2  ,   0  ,   0  ,   1  ,   0  ,   0  , 
113 ,   1  ,   0  ,   0  ,   0  ,   0  ,   0  ,   2  ,   0  ,   2  ,   3  ,   0  ,   0  ,   1  ,   0  ,   0  , 
114 ,   2  ,   0  ,   0  ,   0  ,   0  ,   0  ,   0  ,   2  ,   4  ,   5  ,   0  ,   0  ,   0  ,   0  ,   0  , 
115 ,   2  ,   0  ,   0  ,   0  ,   0  ,   0  ,   1  ,   0  ,   2  ,   3  ,   0  ,   0  ,   0  ,   0  ,   1  , 
116 ,   1  ,   0  ,   0  ,   0  ,   0  ,   0  ,   0  ,   0  ,   12  ,   0  ,   4  ,   1  ,   1  ,   0  ,   0  , 
117 ,   0  ,   0  ,   0  ,   3  ,   0  ,   0  ,   0  ,   0  ,   0  ,   0  ,   1  ,   0  ,   0  ,   0  ,   1  , 
118 ,   0  ,   0  ,   0  ,   0  ,   0  ,   0  ,   1  ,   0  ,   6  ,   1  ,   2  ,   0  ,   0  ,   0  ,   0  , 
119 ,   2  ,   0  ,   0  ,   1  ,   0  ,   0  ,   0  ,   0  ,   9  ,   3  ,   3  ,   0  ,   2  ,   0  ,   3  , 
120 ,   0  ,   0  ,   0  ,   2  ,   0  ,   0  ,   0  ,   0  ,   2  ,   6  ,   2  ,   0  ,   0  ,   0  ,   1  , 
121 ,   0  ,   0  ,   0  ,   0  ,   0  ,   0  ,   0  ,   0  ,   1  ,   4  ,   2  ,   1  ,   0  ,   0  ,   0  , 
122 ,   0  ,   0  ,   0  ,   0  ,   0  ,   0  ,   1  ,   0  ,   2  ,   3  ,   1  ,   0  ,   2  ,   0  ,   0  , 
123 ,   0  ,   0  ,   0  ,   0  ,   0  ,   0  ,   0  ,   0  ,   9  ,   6  ,   0  ,   0  ,   1  ,   0  ,   0  , 
124 ,   0  ,   0  ,   0  ,   0  ,   0  ,   0  ,   0  ,   0  ,   5  ,   5  ,   1  ,   2  ,   2  ,   0  ,   0  , 
125 ,   1  ,   0  ,   0  ,   0  ,   0  ,   0  ,   1  ,   0  ,   4  ,   4  ,   2  ,   0  ,   2  ,   0  ,   0  , 
126 ,   5  ,   0  ,   0  ,   2  ,   0  ,   0  ,   4  ,   0  ,   2  ,   2  ,   2  ,   1  ,   1  ,   1  ,   0  , 
127 ,   1  ,   0  ,   0  ,   2  ,   0  ,   0  ,   0  ,   0  ,   2  ,   6  ,   0  ,   0  ,   1  ,   0  ,   0  , 
128 ,   0  ,   0  ,   0  ,   0  ,   0  ,   0  ,   0  ,   0  ,   4  ,   2  ,   0  ,   0  ,   4  ,   0  ,   0  , 
129 ,   2  ,   2  ,   0  ,   0  ,   0  ,   0  ,   0  ,   0  ,   4  ,   0  ,   1  ,   0  ,   0  ,   1  ,   0  , 
130 ,   1  ,   0  ,   0  ,   0  ,   0  ,   0  ,   0  ,   0  ,   2  ,   1  ,   0  ,   0  ,   2  ,   0  ,   2  , 
131 ,   1  ,   0  ,   0  ,   0  ,   0  ,   0  ,   2  ,   0  ,   5  ,   0  ,   2  ,   0  ,   3  ,   0  ,   0  , 
132 ,   0  ,   0  ,   0  ,   0  ,   0  ,   0  ,   0  ,   1  ,   2  ,   4  ,   2  ,   0  ,   0  ,   0  ,   1  , 
133 ,   0  ,   0  ,   0  ,   0  ,   0  ,   0  ,   3  ,   0  ,   4  ,   2  ,   0  ,   0  ,   1  ,   0  ,   0  , 
134 ,   0  ,   0  ,   0  ,   0  ,   0  ,   0  ,   0  ,   0  ,   5  ,   9  ,   0  ,   0  ,   0  ,   0  ,   0  , 
135 ,   2  ,   0  ,   0  ,   1  ,   0  ,   0  ,   1  ,   0  ,   3  ,   1  ,   0  ,   0  ,   0  ,   0  ,   2  , 
136 ,   0  ,   0  ,   0  ,   0  ,   0  ,   0  ,   0  ,   0  ,   4  ,   2  ,   0  ,   2  ,   3  ,   0  ,   0  , 
137 ,   0  ,   0  ,   0  ,   0  ,   0  ,   0  ,   0  ,   0  ,   4  ,   1  ,   0  ,   2  ,   2  ,   0  ,   2  , 
138 ,   0  ,   0  ,   0  ,   0  ,   0  ,   0  ,   0  ,   0  ,   4  ,   2  ,   2  ,   0  ,   1  ,   0  ,   0  , 
139 ,   2  ,   0  ,   0  ,   0  ,   0  ,   0  ,   2  ,   0  ,   4  ,   3  ,   0  ,   0  ,   0  ,   0  ,   1  , 
140 ,   0  ,   0  ,   1  ,   1  ,   0  ,   0  ,   0  ,   2  ,   3  ,   5  ,   0  ,   0  ,   0  ,   0  ,   2  , 
141 ,   0  ,   0  ,   0  ,   1  ,   0  ,   0  ,   0  ,   0  ,   1  ,   1  ,   1  ,   0  ,   1  ,   0  ,   2  , 
142 ,   4  ,   0  ,   0  ,   0  ,   0  ,   0  ,   0  ,   0  ,   6  ,   3  ,   3  ,   0  ,   2  ,   0  ,   0  , 
143 ,   2  ,   0  ,   0  ,   0  ,   0  ,   0  ,   4  ,   0  ,   1  ,   4  ,   2  ,   0  ,   1  ,   0  ,   0  , 
144 ,   2  ,   0  ,   0  ,   0  ,   0  ,   0  ,   0  ,   0  ,   5  ,   1  ,   0  ,   0  ,   3  ,   0  ,   0  , 
145 ,   0  ,   0  ,   0  ,   0  ,   0  ,   0  ,   0  ,   0  ,   1  ,   2  ,   0  ,   0  ,   0  ,   0  ,   0  , 
146 ,   0  ,   0  ,   0  ,   0  ,   0  ,   0  ,   1  ,   0  ,   7  ,   5  ,   1  ,   0  ,   1  ,   0  ,   0  , 
147 ,   0  ,   0  ,   0  ,   0  ,   0  ,   0  ,   0  ,   0  ,   2  ,   2  ,   0  ,   0  ,   0  ,   0  ,   0  , 
148 ,   1  ,   0  ,   0  ,   0  ,   0  ,   0  ,   0  ,   0  ,   4  ,   10  ,   0  ,   0  ,   1  ,   0  ,   2  , 
149 ,   1  ,   0  ,   0  ,   0  ,   0  ,   0  ,   0  ,   0  ,   3  ,   4  ,   0  ,   0  ,   0  ,   0  ,   0  , 
150 ,   3  ,   0  ,   0  ,   0  ,   0  ,   0  ,   0  ,   0  ,   2  ,   3  ,   4  ,   0  ,   0  ,   0  ,   0  , 
151 ,   1  ,   0  ,   0  ,   0  ,   0  ,   0  ,   0  ,   0  ,   1  ,   2  ,   0  ,   0  ,   0  ,   0  ,   0  , 
152 ,   0  ,   0  ,   0  ,   0  ,   0  ,   0  ,   0  ,   0  ,   5  ,   2  ,   0  ,   0  ,   0  ,   0  ,   0  , 
153 ,   2  ,   0  ,   0  ,   0  ,   0  ,   0  ,   0  ,   0  ,   3  ,   4  ,   2  ,   0  ,   1  ,   0  ,   2  , 
154 ,   1  ,   0  ,   0  ,   0  ,   0  ,   0  ,   0  ,   0  ,   8  ,   5  ,   0  ,   0  ,   1  ,   0  ,   0  , 
155 ,   1  ,   0  ,   0  ,   0  ,   0  ,   0  ,   0  ,   0  ,   3  ,   2  ,   2  ,   0  ,   0  ,   0  ,   0  , 
156 ,   1  ,   0  ,   0  ,   0  ,   0  ,   0  ,   1  ,   0  ,   7  ,   3  ,   1  ,   0  ,   0  ,   0  ,   0  , 
157 ,   0  ,   0  ,   0  ,   2  ,   0  ,   0  ,   1  ,   0  ,   5  ,   5  ,   2  ,   0  ,   1  ,   1  ,   0  , 
158 ,   1  ,   0  ,   0  ,   0  ,   0  ,   0  ,   0  ,   0  ,   8  ,   0  ,   1  ,   0  ,   5  ,   0  ,   0  , 
159 ,   1  ,   0  ,   0  ,   0  ,   0  ,   0  ,   0  ,   0  ,   1  ,   3  ,   0  ,   0  ,   0  ,   0  ,   0  , 
160 ,   0  ,   0  ,   0  ,   2  ,   0  ,   0  ,   2  ,   0  ,   3  ,   7  ,   1  ,   0  ,   1  ,   0  ,   0  , 
161 ,   0  ,   0  ,   0  ,   0  ,   0  ,   0  ,   3  ,   0  ,   1  ,   4  ,   1  ,   0  ,   0  ,   0  ,   0  , 
162 ,   0  ,   0  ,   0  ,   0  ,   0  ,   0  ,   0  ,   0  ,   5  ,   6  ,   1  ,   2  ,   0  ,   0  ,   3  , 
163 ,   1  ,   0  ,   0  ,   0  ,   0  ,   0  ,   1  ,   0  ,   7  ,   2  ,   3  ,   0  ,   0  ,   0  ,   0  , 
164 ,   1  ,   0  ,   0  ,   2  ,   0  ,   0  ,   0  ,   0  ,   4  ,   3  ,   2  ,   0  ,   0  ,   0  ,   2  , 
165 ,   0  ,   0  ,   0  ,   0  ,   0  ,   0  ,   0  ,   0  ,   4  ,   4  ,   0  ,   0  ,   0  ,   0  ,   2  , 
166 ,   0  ,   0  ,   0  ,   0  ,   0  ,   0  ,   1  ,   0  ,   4  ,   3  ,   1  ,   0  ,   1  ,   0  ,   0  , 
167 ,   4  ,   0  ,   0  ,   0  ,   0  ,   0  ,   0  ,   0  ,   2  ,   2  ,   0  ,   0  ,   2  ,   0  ,   1  , 
168 ,   2  ,   0  ,   0  ,   0  ,   0  ,   0  ,   1  ,   0  ,   2  ,   2  ,   3  ,   1  ,   0  ,   0  ,   0  , 
169 ,   1  ,   0  ,   0  ,   0  ,   0  ,   0  ,   0  ,   0  ,   6  ,   3  ,   3  ,   0  ,   0  ,   0  ,   2  , 
170 ,   3  ,   0  ,   0  ,   2  ,   0  ,   0  ,   0  ,   0  ,   11  ,   4  ,   0  ,   2  ,   0  ,   0  ,   2  , 
171 ,   1  ,   0  ,   0  ,   1  ,   0  ,   0  ,   0  ,   0  ,   2  ,   4  ,   0  ,   0  ,   0  ,   0  ,   2  , 
172 ,   1  ,   0  ,   0  ,   1  ,   0  ,   0  ,   0  ,   0  ,   1  ,   3  ,   1  ,   0  ,   0  ,   0  ,   0  , 
173 ,   0  ,   0  ,   0  ,   1  ,   0  ,   0  ,   0  ,   2  ,   4  ,   6  ,   3  ,   0  ,   0  ,   0  ,   1  , 
174 ,   0  ,   0  ,   0  ,   0  ,   0  ,   0  ,   0  ,   0  ,   5  ,   3  ,   1  ,   0  ,   4  ,   0  ,   0  , 
175 ,   2  ,   0  ,   0  ,   0  ,   0  ,   0  ,   0  ,   0  ,   4  ,   9  ,   2  ,   0  ,   0  ,   0  ,   0  , 
176 ,   0  ,   0  ,   0  ,   0  ,   0  ,   0  ,   0  ,   0  ,   1  ,   4  ,   3  ,   0  ,   0  ,   0  ,   1  , 
177 ,   2  ,   1  ,   0  ,   2  ,   0  ,   0  ,   0  ,   0  ,   3  ,   6  ,   0  ,   0  ,   0  ,   0  ,   0  , 
178 ,   3  ,   2  ,   0  ,   0  ,   0  ,   0  ,   2  ,   0  ,   6  ,   5  ,   0  ,   0  ,   0  ,   0  ,   0  , 
179 ,   1  ,   1  ,   0  ,   0  ,   0  ,   0  ,   0  ,   0  ,   3  ,   6  ,   0  ,   0  ,   0  ,   0  ,   0  , 
180 ,   1  ,   0  ,   0  ,   2  ,   0  ,   0  ,   0  ,   0  ,   3  ,   0  ,   1  ,   0  ,   0  ,   2  ,   0  , 
181 ,   1  ,   0  ,   1  ,   0  ,   0  ,   0  ,   0  ,   0  ,   4  ,   8  ,   2  ,   0  ,   1  ,   0  ,   1  , 
182 ,   0  ,   0  ,   0  ,   0  ,   0  ,   0  ,   2  ,   0  ,   4  ,   3  ,   0  ,   0  ,   0  ,   0  ,   0  , 
183 ,   3  ,   0  ,   0  ,   1  ,   0  ,   0  ,   0  ,   0  ,   5  ,   2  ,   2  ,   2  ,   0  ,   0  ,   1  , 
184 ,   2  ,   0  ,   0  ,   0  ,   0  ,   0  ,   0  ,   0  ,   5  ,   4  ,   0  ,   0  ,   0  ,   0  ,   1  , 
185 ,   1  ,   0  ,   0  ,   0  ,   0  ,   0  ,   0  ,   0  ,   4  ,   3  ,   0  ,   0  ,   2  ,   0  ,   0  , 
186 ,   1  ,   0  ,   0  ,   1  ,   0  ,   0  ,   0  ,   0  ,   5  ,   6  ,   0  ,   0  ,   0  ,   0  ,   0  , 
187 ,   1  ,   0  ,   0  ,   1  ,   0  ,   0  ,   0  ,   0  ,   0  ,   3  ,   0  ,   0  ,   0  ,   0  ,   2  , 
188 ,   1  ,   0  ,   0  ,   1  ,   0  ,   0  ,   0  ,   0  ,   3  ,   2  ,   0  ,   0  ,   1  ,   2  ,   2  , 
189 ,   2  ,   0  ,   0  ,   1  ,   0  ,   0  ,   0  ,   0  ,   5  ,   2  ,   2  ,   1  ,   0  ,   0  ,   0  , 
190 ,   2  ,   0  ,   0  ,   0  ,   0  ,   0  ,   0  ,   2  ,   6  ,   6  ,   4  ,   0  ,   1  ,   0  ,   2  , 
191 ,   0  ,   0  ,   0  ,   1  ,   0  ,   0  ,   0  ,   0  ,   8  ,   5  ,   0  ,   2  ,   0  ,   0  ,   2  , 
192 ,   0  ,   0  ,   0  ,   2  ,   0  ,   0  ,   0  ,   0  ,   4  ,   2  ,   0  ,   0  ,   0  ,   0  ,   0  , 
193 ,   3  ,   0  ,   0  ,   0  ,   0  ,   0  ,   0  ,   0  ,   8  ,   2  ,   0  ,   0  ,   0  ,   0  ,   0  , 
194 ,   1  ,   0  ,   0  ,   0  ,   0  ,   0  ,   0  ,   0  ,   4  ,   1  ,   2  ,   0  ,   0  ,   0  ,   2  , 
195 ,   3  ,   0  ,   0  ,   0  ,   0  ,   0  ,   0  ,   0  ,   6  ,   8  ,   0  ,   0  ,   0  ,   0  ,   0  , 
196 ,   0  ,   0  ,   0  ,   1  ,   0  ,   0  ,   0  ,   0  ,   1  ,   0  ,   0  ,   0  ,   0  ,   0  ,   0  , 
197 ,   3  ,   0  ,   2  ,   0  ,   0  ,   0  ,   0  ,   0  ,   5  ,   2  ,   1  ,   0  ,   0  ,   0  ,   0  , 
198 ,   0  ,   0  ,   0  ,   2  ,   0  ,   0  ,   0  ,   1  ,   1  ,   4  ,   0  ,   0  ,   1  ,   0  ,   1  , 
199 ,   0  ,   0  ,   0  ,   2  ,   0  ,   0  ,   2  ,   0  ,   6  ,   3  ,   0  ,   0  ,   0  ,   0  ,   0  , 
200 ,   2  ,   0  ,   0  ,   1  ,   0  ,   0  ,   0  ,   0  ,   3  ,   4  ,   1  ,   2  ,   2  ,   0  ,   0  , 
201 ,   1  ,   0  ,   0  ,   0  ,   0  ,   0  ,   0  ,   0  ,   4  ,   2  ,   0  ,   0  ,   1  ,   0  ,   0  , 
202 ,   2  ,   0  ,   0  ,   2  ,   0  ,   0  ,   0  ,   0  ,   4  ,   1  ,   3  ,   2  ,   0  ,   0  ,   3  , 
203 ,   2  ,   0  ,   0  ,   1  ,   0  ,   0  ,   0  ,   0  ,   6  ,   3  ,   0  ,   0  ,   0  ,   0  ,   1  , 
204 ,   1  ,   2  ,   0  ,   2  ,   0  ,   0  ,   0  ,   0  ,   3  ,   2  ,   2  ,   2  ,   0  ,   0  ,   2  , 
205 ,   0  ,   0  ,   0  ,   2  ,   0  ,   0  ,   0  ,   0  ,   5  ,   6  ,   0  ,   0  ,   0  ,   0  ,   0  , 
206 ,   0  ,   0  ,   0  ,   0  ,   0  ,   0  ,   0  ,   0  ,   0  ,   0  ,   0  ,   0  ,   0  ,   0  ,   0  , 
207 ,   4  ,   0  ,   0  ,   0  ,   0  ,   0  ,   0  ,   0  ,   10  ,   1  ,   0  ,   0  ,   2  ,   0  ,   0  , 
208 ,   1  ,   0  ,   0  ,   1  ,   0  ,   0  ,   0  ,   0  ,   4  ,   0  ,   1  ,   2  ,   0  ,   0  ,   0  , 
209 ,   2  ,   0  ,   0  ,   0  ,   0  ,   0  ,   0  ,   2  ,   0  ,   4  ,   2  ,   0  ,   0  ,   0  ,   3  , 
210 ,   3  ,   0  ,   0  ,   2  ,   0  ,   0  ,   2  ,   0  ,   10  ,   6  ,   1  ,   0  ,   0  ,   0  ,   0  , 
211 ,   3  ,   0  ,   1  ,   0  ,   0  ,   0  ,   0  ,   0  ,   6  ,   4  ,   0  ,   0  ,   0  ,   0  ,   3  , 
212 ,   2  ,   0  ,   0  ,   0  ,   0  ,   0  ,   2  ,   0  ,   4  ,   3  ,   2  ,   2  ,   0  ,   0  ,   0  , 
213 ,   0  ,   0  ,   0  ,   1  ,   0  ,   0  ,   0  ,   0  ,   4  ,   4  ,   0  ,   0  ,   0  ,   0  ,   2  , 
214 ,   0  ,   0  ,   0  ,   0  ,   0  ,   0  ,   0  ,   0  ,   2  ,   7  ,   1  ,   0  ,   1  ,   0  ,   0  , 
